﻿<krpano version="1.19" title="BALA Projects" onstart="startup();" showerrors="false">
	
	<!-- the skin -->
	<include url="skin/vtourskin.xml" />
	<include url="skin/custom.xml" />

	<!-- This is the skin_settings where hs_anim_delay is set. -->
  <skin_settings maps="true"
	               maps_type=""
	               custom_map="false"	
				   			 menu-btn="true"
				         map-btn="false"
				         navxoffset="0"
				         vr-icon-xoffset="50"
				         gyro-icon-xoffset="100"
				  
				   			 hs_delay="1"
				   			 hs_anim_delay="0"
				   			 bg_type="stretch"
				   			 corporate_logo="true"
				   			 corp-logo-xoffset="10"
				   			 project_logo="true"
				   
				   			 zoom_buttons="false"	
				   			 speak_buttons="false"
				   			 password="false"
				   			 start_screen="false"
				   			 maps_bing_api_key=""
	               maps_zoombuttons="false"
				   			 maps_zoom="25"
				   			 share-btn="false"
	               gyro="true"
	               arrows_html="true"
				   			 title="1" 
				   			 grid_button="false"
				    		 littleplanetintro="true"
	               />

	<layer name="skin_logo" url="" scale="0.25" opened_onclick="openurl('...',_blank);" />
	
	<action name="startup">
		delayedcall(1, intro-page(););
	</action>

	<action name="intro-page">

		if(skin_settings.start_screen,
 	 		if(device.html, splash(); , flashsplash(); );,
 			set(layer[intro-con].visible,false);
			set(intro_done,true);
  		if(device.html, choose(); , flash-choose();); 
 	); 

</action>

	<!-- UNIVERSITY CITY SCENE -->
	<scene name="scene_university_city" title="West View" lat="" lng="" heading="" thumburl="panos/university_city.tiles/thumb.png">

		<!-- TODO: Remove this to take out the logs. -->
		<!-- <events onclick="screentosphere(mouse.x, mouse.y, m_ath, m_atv); showlog(); trace('clicked at ath=',m_ath,' atv=',m_atv);" /> -->
		<!-- TODO: Comment out showlog -->
		<!-- view settings -->
		<view hlookat="-145" vlookat="10" fovtype="MFOV" vlookatmax="-90" vlookatmin="90" limitview="range" fovmin="40" fovmax="90" fov="85" />
		<!-- Set a tighter fov if device is mobile -->
		<view fov="70" devices="mobile" />


		<preview url="panos/university_city.tiles/preview.jpg" />

		<image type="CUBE" prealign="0|0.0|0" multires="true" tilesize="512">
			<level tiledimagewidth="4096" tiledimageheight="4096">
				<cube url="panos/university_city.tiles/%s/l3/%v/l3_%s_%v_%h.jpg" />
			</level>
			<level tiledimagewidth="2048" tiledimageheight="2048">
				<cube url="panos/university_city.tiles/%s/l2/%v/l2_%s_%v_%h.jpg" />
			</level>
			<level tiledimagewidth="1024" tiledimageheight="1024">
				<cube url="panos/university_city.tiles/%s/l1/%v/l1_%s_%v_%h.jpg" />
			</level>
		</image>


		<hotspot name="spot1" style="skin_hotspotstyle" ath="-133" atv="-9" distorted="false" zoom="false" linkedscene="scene_old_city" />
		
		<!-- FMC Tower -->
		<hotspot name="pop01" ath="-125.163" atv="-10.822" style="popup" img-url="skin/img/popup/fmc.png" />
		<hotspot name="pop01-name" ath="-124.163" atv="-10.822" url="skin/img/popup/fmc-name.png" style="normal" edge="centerleft" ox="0" oy="0" zorder="-1" depth="off" polyline="false" scaleflying="true" scale=".4" tx="0" ty="0" tz="0" enabled="false"/>
		<!-- Chestnut Square -->
		<hotspot name="pop02" ath="-149.269" atv="14.011" style="popup" img-url="skin/img/popup/chestnut-square.png"/>
		<hotspot name="pop02-name" ath="-147.769" atv="14.011" url="skin/img/popup/chestnut-square-name.png" style="normal" edge="centerleft" ox="0" oy="0" zorder="-1" depth="off" polyline="false" scaleflying="true" scale=".4" tx="0" ty="0" tz="0" enabled="false"/>
		<!-- 3737 Chestnut -->
		<hotspot name="pop03" ath="57.979" atv="-0.304" style="popup" img-url="skin/img/popup/3737-chestnut.png"/>
		<hotspot name="pop03-name" ath="59.079" atv="-0.304" url="skin/img/popup/3737-chestnut-name.png" style="normal" edge="centerleft" ox="00" oy="0" zorder="-1" depth="off" polyline="false" scaleflying="true" scale=".3" tx="0" ty="0" tz="0" enabled="false"/>
		<!-- Vue 32 -->
		<hotspot name="pop04" ath="150.338" atv="-0.285" style="popup" img-url="skin/img/popup/vue-32.png"/>
		<hotspot name="pop04-name" ath="150.338" atv="-0.685" url="skin/img/popup/vue-32-name.png" style="normal" edge="centerbottom" ox="0" oy="0" zorder="-1" depth="off" polyline="false" scaleflying="true" scale=".3" tx="0" ty="0" tz="0" enabled="false"/>
		<!-- Evo -->
		<hotspot name="pop05" ath="-137.579" atv="-2.896" style="popup" img-url="skin/img/popup/evo.png"/>
		<hotspot name="pop05-name" ath="-137.579" atv="-3.59" url="skin/img/popup/evo-name.png" style="normal" edge="centerbottom" ox="0" oy="0" zorder="-1" depth="off" polyline="false" scaleflying="true" scale=".4" tx="0" ty="0" tz="0" enabled="false"/>
		<!-- 1601 Vine -->
		<hotspot name="pop06" ath="-157.481" atv="-0.001" style="popup" img-url="skin/img/popup/1601-vine.png"/>
		<hotspot name="pop06-name" ath="-158.55" atv="-0.621" url="skin/img/popup/1601-vine-name.png" style="normal" edge="centerright" ox="0" oy="0" zorder="-1" depth="off" polyline="false" scaleflying="true" scale=".2" tx="0" ty="0" tz="0" enabled="false"/>
		<!-- Comcast Center -->
		<hotspot name="pop07" ath="-145.400" atv="-6.016" style="popup" img-url="skin/img/popup/comcast-center.png"/>
		<hotspot name="pop07-name" ath="-145.400" atv="-6.416" url="skin/img/popup/comcast-center-name.png" style="normal" edge="centerbottom" ox="0" oy="0" zorder="-1" depth="off" polyline="false" scaleflying="true" scale=".2" tx="0" ty="0" tz="0" enabled="false"/>
		<!-- The Summit -->
		<hotspot name="pop08" ath="122.159" atv="-3.111" style="popup" img-url="skin/img/popup/the-summit.png"/>
		<hotspot name="pop08-name" ath="123.759" atv="-3.111" url="skin/img/popup/the-summit-name.png" style="normal" edge="centerleft" ox="0" oy="0" zorder="-1" depth="off" polyline="false" scaleflying="true" scale=".4" tx="0" ty="0" tz="0" enabled="false"/>
		<!-- The Radian -->
		<hotspot name="pop09" ath="44.148" atv="0.964" style="popup" img-url="skin/img/popup/the-radian.png"/>
		<hotspot name="pop09-name" ath="43.57" atv="0.964" url="skin/img/popup/the-radian-name.png" style="normal" edge="centerright" ox="0" oy="0" zorder="-1" depth="off" polyline="false" scaleflying="true" scale=".3" tx="0" ty="0" tz="0" enabled="false"/>
		<!-- The Study -->
		<hotspot name="pop10" ath="171.544" atv="20.186" style="popup" img-url="skin/img/popup/the-study.png"/>
		<hotspot name="pop10-name" ath="171.544" atv="20.186" url="skin/img/popup/the-study-name.png" style="normal" edge="centerleft" ox="10" oy="0" zorder="-1" depth="off" polyline="false" scaleflying="true" scale=".5" tx="0" ty="0" tz="0" enabled="false"/>
		<!-- 10 Rittenhouse -->
		<hotspot name="pop11" ath="-131.388" atv="-0.222" style="popup" img-url="skin/img/popup/10-rittenhouse.png"/>
		<hotspot name="pop11-name" ath="-131.388" atv="-0.822" url="skin/img/popup/10-rittenhouse-name.png" style="normal" edge="centerbottom" ox="0" oy="0" zorder="-1" depth="off" polyline="false" scaleflying="true" scale=".2" tx="0" ty="0" tz="0" enabled="false"/>

		<!-- 30th Street Post Office -->
		<hotspot name="pop12" ath="-148.145" atv="4.072" style="popup" img-url="skin/img/popup/30th-street-post-office.png"/>
		<hotspot name="pop12-name" ath="-147.174" atv="5.547" url="skin/img/popup/30-street-post-office-name.png" style="normal" edge="centerright" ox="0" oy="0" zorder="-1" depth="off" polyline="false" scaleflying="true" scale=".3" tx="0" ty="0" tz="0" enabled="false"/>

		<!-- 1911 Walnut -->
		<hotspot name="pop13" ath="-123.448" atv="-2.416" style="popup" img-url="skin/img/popup/1911-walnut.png"/>
		<hotspot name="pop13-name" ath="-122.349" atv="-2.416" url="skin/img/popup/1911-walnut-name.png" style="normal" edge="centerleft" ox="0" oy="0" zorder="-1" depth="off" polyline="false" scaleflying="true" scale=".2" tx="0" ty="0" tz="0" enabled="false"/>

		<!-- 1919 Market -->
		<hotspot name="pop14" ath="-142.580" atv="0.524" style="popup" img-url="skin/img/popup/1919-market.png"/>
		<hotspot name="pop14-name" ath="-142.5802" atv="0.364" url="skin/img/popup/1919-market-name.png" style="normal" edge="centerbottom" ox="0" oy="0" zorder="-1" depth="off" polyline="false" scaleflying="true" scale=".2" tx="0" ty="0" tz="0" enabled="false"/>

		<!-- Aramark Headquarters -->
		<hotspot name="pop15" ath="-140.860" atv="2.912" style="popup" img-url="skin/img/popup/aramark.png"/>
		<hotspot name="pop15-name" ath="-140.860" atv="2.912" url="skin/img/popup/aramark-name.png" style="normal" edge="centerleft" ox="10" oy="0" zorder="-1" depth="off" polyline="false" scaleflying="true" scale=".2" tx="0" ty="0" tz="0" enabled="false"/>

		<!-- University of Sciences -->
		<hotspot name="pop16" ath="-16.029" atv="1.375" style="popup" img-url="skin/img/popup/university-of-the-sciences.png"/>
		<hotspot name="pop16-name" ath="-18.029" atv="0.186" url="skin/img/popup/university-of-the-sciences-name.png" style="normal" edge="leftbottom" ox="0" oy="0" zorder="-1" depth="off" polyline="false" scaleflying="true" scale=".3" tx="0" ty="0" tz="0" enabled="false"/>

		<!-- Comcast Technology Center -->
		<hotspot name="pop17" ath="-147.080" atv="-4.968" style="popup" img-url="skin/img/popup/comcast-technology-center.png"/>
		<hotspot name="pop17-name" ath="-148.449" atv="-5.249" url="skin/img/popup/comcast-technology-center-name.png" style="normal" edge="centerright" ox="0" oy="0" zorder="-1" depth="off" polyline="false" scaleflying="true" scale=".2" tx="0" ty="0" tz="0" enabled="false"/>

		<!-- Center for Healthcare Technology -->
		<hotspot name="pop18" ath="-24.045" atv="1.408" style="popup" img-url="skin/img/popup/center-for-healthcare-technology.png"/>
		<hotspot name="pop18-name" ath="-20" atv="0.186" url="skin/img/popup/center-for-healthcare-technology-name.png" style="normal" edge="rightbottom" ox="0" oy="0" zorder="-1" depth="off" polyline="false" scaleflying="true" scale=".3" tx="0" ty="0" tz="0" enabled="false"/>

		<!-- Domus -->
		<hotspot name="pop19" ath="81.037" atv="13.692" style="popup" img-url="skin/img/popup/drexel-domus.png"/>
		<hotspot name="pop19-name" ath="81.037" atv="13.692" url="skin/img/popup/domus-name.png" style="normal" edge="centerleft" ox="10" oy="0" zorder="-1" depth="off" polyline="false" scaleflying="true" scale=".4" tx="0" ty="0" tz="0" enabled="false"/>

		<!-- SYMPHONY HOUSE -->
		<hotspot name="pop20" ath="-118.80" atv="1.088" style="popup" img-url="skin/img/popup/symphony-house.png" />
		<hotspot name="pop20-name" ath="-117.80" atv="1.088" url="skin/img/popup/symphony-house-name.png" style="normal" edge="centerleft" ox="0" oy="0" zorder="-1" depth="off" polyline="false" scaleflying="true" scale=".2" tx="0" ty="0" tz="0" enabled="false"/>

		<!-- 777 South Broad -->
		<hotspot name="pop21" ath="-105.694" atv="1.558" style="popup" img-url="skin/img/popup/777-south-broad.png" />
		<hotspot name="pop21-name" ath="-104.694" atv="1.558" url="skin/img/popup/777-south-broad-name.png" style="normal" edge="bottomleft" ox="0" oy="0" zorder="-1" depth="off" polyline="false" scaleflying="true" scale=".2" tx="0" ty="0" tz="0" enabled="false"/>

	</scene>

	<scene name="scene_old_city" title="East View" lat="" lng="" heading="" thumburl="panos/old_city.tiles/thumb.png">

		<!-- TODO: Remove this to take out the logs. -->
		<!-- <events onclick="screentosphere(mouse.x, mouse.y, m_ath, m_atv); showlog(); trace('clicked at ath=',m_ath,' atv=',m_atv);" /> -->

		<!-- view settings -->
		<view hlookat="138" vlookat="10" fovtype="MFOV" vlookatmax="-90" vlookatmin="90" limitview="range"  fovmin="40" fovmax="90" />


		<preview url="panos/old_city.tiles/preview.jpg" />

		<image type="CUBE" prealign="0|0.0|0" multires="true" tilesize="512">
			<level tiledimagewidth="4096" tiledimageheight="4096">
				<cube url="panos/old_city.tiles/%s/l3/%v/l3_%s_%v_%h.jpg" />
			</level>
			<level tiledimagewidth="2048" tiledimageheight="2048">
				<cube url="panos/old_city.tiles/%s/l2/%v/l2_%s_%v_%h.jpg" />
			</level>
			<level tiledimagewidth="1024" tiledimageheight="1024">
				<cube url="panos/old_city.tiles/%s/l1/%v/l1_%s_%v_%h.jpg" />
			</level>
		</image>

		<hotspot name="spot1" style="skin_hotspotstyle" ath="126.448" atv="-9.909" distorted="false" zoom="false" linkedscene="scene_university_city" />

		<!-- 1199 LUDLOW -->
		<hotspot name="pop01" ath="145.397" atv="8.193" style="popup" img-url="skin/img/popup/1199-ludlow.png" />
		<hotspot name="pop01-name" ath="145.397" atv="8.193" url="skin/img/popup/1199-ludlow-name.png" style="normal" edge="centertop" ox="0" oy="0" zorder="-1" depth="off" polyline="false" scaleflying="true" scale=".3" tx="0" ty="0" tz="0" enabled="false"/>

		<!-- 1213 WALNUT -->
		<hotspot name="pop02" ath="120.748" atv="4.345" style="popup" img-url="skin/img/popup/1213-walnut.png" />
		<hotspot name="pop02-name" ath="121.748" atv="4.345" url="skin/img/popup/1213-walnut-name.png" style="normal" edge="centerleft" ox="0" oy="0" zorder="-1" depth="off" polyline="false" scaleflying="true" scale=".3" tx="0" ty="0" tz="0" enabled="false"/>

		<!-- SYMPHONY HOUSE -->
		<hotspot name="pop03" ath="99.816" atv="1.379" style="popup" img-url="skin/img/popup/symphony-house.png" />
		<hotspot name="pop03-name" ath="99.627" atv="-0.097" url="skin/img/popup/symphony-house-name.png" style="normal" edge="centerbottom" ox="0" oy="0" zorder="-1" depth="off" polyline="false" scaleflying="true" scale=".25" tx="0" ty="0" tz="0" enabled="false"/>

		<!-- FMC TOWER -->
		<hotspot name="pop04" ath="131.792" atv="-2.482" style="popup" img-url="skin/img/popup/fmc.png" />
		<hotspot name="pop04-name" ath="131.792" atv="-3.371" url="skin/img/popup/fmc-name.png" style="normal" edge="centerbottom" ox="0" oy="0" zorder="-1" depth="off" polyline="false" scaleflying="true" scale=".2" tx="0" ty="0" tz="0" enabled="false"/>

		<!-- COMCAST TECHNOLOGY CENTER -->
		<hotspot name="pop05" ath="148.717" atv="-6.570" style="popup" img-url="skin/img/popup/comcast-technology-center.png" />
		<hotspot name="pop05-name" ath="148.717" atv="-6.570" url="skin/img/popup/comcast-technology-center-name.png" style="normal" edge="bottomright" ox="0" oy="0" zorder="-1" depth="off" polyline="false" scaleflying="true" scale=".3" tx="0" ty="0" tz="0" enabled="false"/>

		<!-- PSFS Loews Hotel -->
		<hotspot name="pop06" ath="147.433" atv="1.553" style="popup" img-url="skin/img/popup/loews-hotel.png" />
		<hotspot name="pop06-name" ath="148.693" atv="1.553" url="skin/img/popup/loews-hotel-name.png" style="normal" edge="centerleft" ox="0" oy="0" zorder="-1" depth="off" polyline="false" scaleflying="true" scale=".4" tx="0" ty="0" tz="0" enabled="false"/>

		<!-- BRIDGE ON RACE -->
		<hotspot name="pop07" ath="-79.362" atv="4.441" style="popup" img-url="skin/img/popup/the-bridge.png" />
		<hotspot name="pop07-name" ath="-78.05" atv="4.441" url="skin/img/popup/the-bridge-name.png" style="normal" edge="centerleft" ox="0" oy="0" zorder="-1" depth="off" polyline="false" scaleflying="true" scale=".2" tx="0" ty="0" tz="0" enabled="false"/>

		<!-- 1601 VINE -->
		<hotspot name="pop08" ath="171.797" atv="-.457" style="popup" img-url="skin/img/popup/1601-vine.png" />
		<hotspot name="pop08-name" ath="172.797" atv="-.457" url="skin/img/popup/1601-vine-name.png" style="normal" edge="centerleft" ox="0" oy="0" zorder="-1" depth="off" polyline="false" scaleflying="true" scale=".2" tx="0" ty="0" tz="0" enabled="false"/>

		<!-- W/ELEMENT HOTEL -->
		<hotspot name="pop09" ath="134.656" atv="-2.531" style="popup" img-url="skin/img/popup/w-element-hotel.png" />
		<hotspot name="pop09-name" ath="136.0" atv="-2.531" url="skin/img/popup/w-element-hotel-name.png" style="normal" edge="centerleft" ox="0" oy="0" zorder="-1" depth="off" polyline="false" scaleflying="true" scale=".2" tx="0" ty="0" tz="0" enabled="false"/>

		<!-- Aloft Hotel -->
		<hotspot name="pop10" ath="165.896" atv="2.068" style="popup" img-url="skin/img/popup/aloft-hotel.png" />
		<hotspot name="pop10-name" ath="166.821" atv="2.705" url="skin/img/popup/aloft-hotel-name.png" style="normal" edge="centerleft" ox="0" oy="0" zorder="-1" depth="off" polyline="false" scaleflying="true" scale=".25" tx="0" ty="0" tz="0" enabled="false"/>

		<!-- Hyatt Centric -->
		<hotspot name="pop11" ath="121.229" atv="-0.089" style="popup" img-url="skin/img/popup/hyatt-centric.png" />
		<hotspot name="pop11-name" ath="120.66" atv="-0.589" url="skin/img/popup/hyatt-centric-name.png" style="normal" edge="centerright" ox="0" oy="0" zorder="-1" depth="off" polyline="false" scaleflying="true" scale=".25" tx="0" ty="0" tz="0" enabled="false"/>

		<!-- 777 South Broad -->
		<hotspot name="pop12" ath="81.463" atv="4.535" style="popup" img-url="skin/img/popup/777-south-broad.png" />
		<hotspot name="pop12-name" ath="79.957" atv="3.448" url="skin/img/popup/777-south-broad-name.png" style="normal" edge="centerbottom" ox="0" oy="0" zorder="-1" depth="off" polyline="false" scaleflying="true" scale=".2" tx="0" ty="0" tz="0" enabled="false"/>

		<!-- View at Montgomery -->
		<hotspot name="pop15" ath="-141.578" atv="0.369" style="popup" img-url="skin/img/popup/the-view.png" />
		<hotspot name="pop15-name" ath="-140.278" atv="0.369" url="skin/img/popup/the-view-name.png" style="normal" edge="centerleft" ox="0" oy="0" zorder="-1" depth="off" polyline="false" scaleflying="true" scale=".2" tx="0" ty="0" tz="0" enabled="false"/>

		<!-- View II at Montgomery -->
		<hotspot name="pop16" ath="-143.922" atv="0.254" style="popup" img-url="skin/img/popup/the-view-ii.png" />
		<hotspot name="pop16-name" ath="-143.922" atv="0.254" url="skin/img/popup/the-view-ii-name.png" style="normal" edge="centerright" ox="0" oy="0" zorder="-1" depth="off" polyline="false" scaleflying="true" scale=".2" tx="0" ty="0" tz="0" enabled="false"/>

		<!-- St. James -->
		<hotspot name="pop21" ath="33.398" atv="-7.605" style="popup" img-url="skin/img/popup/the-st-james.png" />
		<hotspot name="pop21-name" ath="33.398" atv="-8.105" url="skin/img/popup/st-james-name.png" style="normal" edge="centerbottom" ox="60" oy="0" zorder="-1" depth="off" polyline="false" scaleflying="true" scale=".4" tx="0" ty="0" tz="0" enabled="false"/>

		<!-- 800 Walnut -->
		<hotspot name="pop22" ath="45.858" atv="11.471" style="popup" img-url="skin/img/popup/800-walnut.png" />
		<hotspot name="pop22-name" ath="47.488" atv="11.471" url="skin/img/popup/800-walnut-name.png" style="normal" edge="centerleft" ox="00" oy="0" zorder="-1" depth="off" polyline="false" scaleflying="true" scale=".4" tx="0" ty="0" tz="0" enabled="false"/>

		<!-- Comcast Center -->
		<hotspot name="pop23" ath="150.737" atv="-7.772" style="popup" img-url="skin/img/popup/comcast-center.png" />
		<hotspot name="pop23-name" ath="152.237" atv="-7.772" url="skin/img/popup/comcast-center-name.png" style="normal" edge="centerleft" ox="0" oy="0" zorder="-1" depth="off" polyline="false" scaleflying="true" scale=".3" tx="0" ty="0" tz="0" enabled="false"/>

		<!-- 10 Rittenhouse -->
		<hotspot name="pop24" ath="129.165" atv="-0.505" style="popup" img-url="skin/img/popup/10-rittenhouse.png" />
		<hotspot name="pop24-name" ath="129.165" atv="-0.905" url="skin/img/popup/10-rittenhouse-name.png" style="normal" edge="bottomright" ox="0" oy="0" zorder="-1" depth="off" polyline="false" scaleflying="true" scale=".2" tx="0" ty="0" tz="0" enabled="false"/>

	</scene>

</krpano>
